basin,shape,scale
EP,2.0417600575892805,0.8124697450034677
"NA",1.2841483307269306,0.46830630070040963
NI,1.8848006775123625,0.7404075642705527
SI,1.7275290669405867,0.7943002127153915
SP,2.0319362812985706,0.8501420899817409
WP,1.6028395876377157,0.6074533788413954
